Time,UNZ_0:SHANGHAI ANN HTG 99.6% CONDNS DB:Des Heat Load [W],UNZ_0:CSHANGHAI ANN CLG .4% CONDNS DB:Des Sens Cool Load [W],UNZ_0:SHANGHAI ANN HTG 99.6% CONDNS DB:Des Heat Mass Flow [kg/s],UNZ_0:CSHANGHAI ANN CLG .4% CONDNS DB:Des Cool Mass Flow [kg/s],UNZ_0::Des Latent Heat Load [W],UNZ_0::Des Latent Cool Load [W],UNZ_0::Des Latent Heat Mass Flow [kg/s],UNZ_0::Des Latent Cool Mass Flow [kg/s],UNZ_0::Des Heat Load No DOAS [W],UNZ_0::Des Sens Cool Load No DOAS [W],UNZ_0::Des Latent Heat Load No DOAS [W],UNZ_0::Des Latent Cool Load No DOAS [W],UNZ_0:SHANGHAI ANN HTG 99.6% CONDNS DB:Heating Zone Temperature [C],UNZ_0:SHANGHAI ANN HTG 99.6% CONDNS DB:Heating Zone Relative Humidity [%],UNZ_0:CSHANGHAI ANN CLG .4% CONDNS DB:Cooling Zone Temperature [C],UNZ_0:CSHANGHAI ANN CLG .4% CONDNS DB:Cooling Zone Relative Humidity [%],UNZ_1:SHANGHAI ANN HTG 99.6% CONDNS DB:Des Heat Load [W],UNZ_1:CSHANGHAI ANN CLG .4% CONDNS DB:Des Sens Cool Load [W],UNZ_1:SHANGHAI ANN HTG 99.6% CONDNS DB:Des Heat Mass Flow [kg/s],UNZ_1:CSHANGHAI ANN CLG .4% CONDNS DB:Des Cool Mass Flow [kg/s],UNZ_1::Des Latent Heat Load [W],UNZ_1::Des Latent Cool Load [W],UNZ_1::Des Latent Heat Mass Flow [kg/s],UNZ_1::Des Latent Cool Mass Flow [kg/s],UNZ_1::Des Heat Load No DOAS [W],UNZ_1::Des Sens Cool Load No DOAS [W],UNZ_1::Des Latent Heat Load No DOAS [W],UNZ_1::Des Latent Cool Load No DOAS [W],UNZ_1:SHANGHAI ANN HTG 99.6% CONDNS DB:Heating Zone Temperature [C],UNZ_1:SHANGHAI ANN HTG 99.6% CONDNS DB:Heating Zone Relative Humidity [%],UNZ_1:CSHANGHAI ANN CLG .4% CONDNS DB:Cooling Zone Temperature [C],UNZ_1:CSHANGHAI ANN CLG .4% CONDNS DB:Cooling Zone Relative Humidity [%]
00:10:00,4.250444E+02,6.492889E+02,1.208770E-02,7.080052E-02,0.000000E+00,0.000000E+00,0.000000E+00,0.000000E+00,0.000000E+00,0.000000E+00,0.000000E+00,0.000000E+00,1.598758E+01,1.000000E+02,2.199832E+01,4.877135E+01,5.851862E+02,1.542146E+02,1.662819E-02,1.682302E-02,0.000000E+00,0.000000E+00,0.000000E+00,0.000000E+00,0.000000E+00,0.000000E+00,0.000000E+00,0.000000E+00,1.595949E+01,1.000000E+02,2.199460E+01,5.701289E+01
00:20:00,4.250444E+02,6.465666E+02,1.208770E-02,7.050368E-02,0.000000E+00,0.000000E+00,0.000000E+00,0.000000E+00,0.000000E+00,0.000000E+00,0.000000E+00,0.000000E+00,1.598758E+01,1.000000E+02,2.199832E+01,4.877967E+01,5.851862E+02,1.525242E+02,1.662819E-02,1.663861E-02,0.000000E+00,0.000000E+00,0.000000E+00,0.000000E+00,0.000000E+00,0.000000E+00,0.000000E+00,0.000000E+00,1.595949E+01,1.000000E+02,2.199459E+01,5.711042E+01
00:30:00,4.250444E+02,6.438876E+02,1.208770E-02,7.021157E-02,0.000000E+00,0.000000E+00,0.000000E+00,0.000000E+00,0.000000E+00,0.000000E+00,0.000000E+00,0.000000E+00,1.598758E+01,1.000000E+02,2.199832E+01,4.878787E+01,5.851862E+02,1.508617E+02,1.662819E-02,1.645726E-02,0.000000E+00,0.000000E+00,0.000000E+00,0.000000E+00,0.000000E+00,0.000000E+00,0.000000E+00,0.000000E+00,1.595949E+01,1.000000E+02,2.199459E+01,5.720742E+01
00:40:00,4.250444E+02,6.412574E+02,1.208770E-02,6.992478E-02,0.000000E+00,0.000000E+00,0.000000E+00,0.000000E+00,0.000000E+00,0.000000E+00,0.000000E+00,0.000000E+00,1.598758E+01,1.000000E+02,2.199832E+01,4.879592E+01,5.851862E+02,1.492299E+02,1.662819E-02,1.627926E-02,0.000000E+00,0.000000E+00,0.000000E+00,0.000000E+00,0.000000E+00,0.000000E+00,0.000000E+00,0.000000E+00,1.595949E+01,1.000000E+02,2.199459E+01,5.730377E+01
00:50:00,4.250444E+02,6.386801E+02,1.208770E-02,6.964377E-02,0.000000E+00,0.000000E+00,0.000000E+00,0.000000E+00,0.000000E+00,0.000000E+00,0.000000E+00,0.000000E+00,1.598758E+01,1.000000E+02,2.199831E+01,4.880384E+01,5.851862E+02,1.476311E+02,1.662819E-02,1.610485E-02,0.000000E+00,0.000000E+00,0.000000E+00,0.000000E+00,0.000000E+00,0.000000E+00,0.000000E+00,0.000000E+00,1.595949E+01,1.000000E+02,2.199458E+01,5.739966E+01
01:00:00,4.250444E+02,6.361590E+02,1.208770E-02,6.936887E-02,0.000000E+00,0.000000E+00,0.000000E+00,0.000000E+00,0.000000E+00,0.000000E+00,0.000000E+00,0.000000E+00,1.598758E+01,1.000000E+02,2.199831E+01,4.881166E+01,5.851862E+02,1.460671E+02,1.662819E-02,1.593424E-02,0.000000E+00,0.000000E+00,0.000000E+00,0.000000E+00,0.000000E+00,0.000000E+00,0.000000E+00,0.000000E+00,1.595949E+01,1.000000E+02,2.199458E+01,5.749540E+01
01:10:00,4.250444E+02,6.337052E+02,1.208770E-02,6.910131E-02,0.000000E+00,0.000000E+00,0.000000E+00,0.000000E+00,0.000000E+00,0.000000E+00,0.000000E+00,0.000000E+00,1.598758E+01,1.000000E+02,2.199831E+01,4.881941E+01,5.851862E+02,1.445464E+02,1.662819E-02,1.576835E-02,0.000000E+00,0.000000E+00,0.000000E+00,0.000000E+00,0.000000E+00,0.000000E+00,0.000000E+00,0.000000E+00,1.595949E+01,1.000000E+02,2.199458E+01,5.759132E+01
01:20:00,4.250444E+02,6.313303E+02,1.208770E-02,6.884237E-02,0.000000E+00,0.000000E+00,0.000000E+00,0.000000E+00,0.000000E+00,0.000000E+00,0.000000E+00,0.000000E+00,1.598758E+01,1.000000E+02,2.199831E+01,4.882695E+01,5.851862E+02,1.430753E+02,1.662819E-02,1.560788E-02,0.000000E+00,0.000000E+00,0.000000E+00,0.000000E+00,0.000000E+00,0.000000E+00,0.000000E+00,0.000000E+00,1.595949E+01,1.000000E+02,2.199457E+01,5.768519E+01
01:30:00,4.250444E+02,6.290457E+02,1.208770E-02,6.859327E-02,0.000000E+00,0.000000E+00,0.000000E+00,0.000000E+00,0.000000E+00,0.000000E+00,0.000000E+00,0.000000E+00,1.598758E+01,1.000000E+02,2.199830E+01,4.883415E+01,5.851862E+02,1.416600E+02,1.662819E-02,1.545349E-02,0.000000E+00,0.000000E+00,0.000000E+00,0.000000E+00,0.000000E+00,0.000000E+00,0.000000E+00,0.000000E+00,1.595949E+01,1.000000E+02,2.199457E+01,5.777554E+01
01:40:00,4.250444E+02,6.268603E+02,1.208770E-02,6.835498E-02,0.000000E+00,0.000000E+00,0.000000E+00,0.000000E+00,0.000000E+00,0.000000E+00,0.000000E+00,0.000000E+00,1.598758E+01,1.000000E+02,2.199830E+01,4.884097E+01,5.851862E+02,1.403056E+02,1.662819E-02,1.530575E-02,0.000000E+00,0.000000E+00,0.000000E+00,0.000000E+00,0.000000E+00,0.000000E+00,0.000000E+00,0.000000E+00,1.595949E+01,1.000000E+02,2.199456E+01,5.786203E+01
01:50:00,4.250444E+02,6.247811E+02,1.208770E-02,6.812828E-02,0.000000E+00,0.000000E+00,0.000000E+00,0.000000E+00,0.000000E+00,0.000000E+00,0.000000E+00,0.000000E+00,1.598758E+01,1.000000E+02,2.199830E+01,4.884742E+01,5.851862E+02,1.390161E+02,1.662819E-02,1.516509E-02,0.000000E+00,0.000000E+00,0.000000E+00,0.000000E+00,0.000000E+00,0.000000E+00,0.000000E+00,0.000000E+00,1.595949E+01,1.000000E+02,2.199456E+01,5.794503E+01
02:00:00,4.250444E+02,6.228134E+02,1.208770E-02,6.791372E-02,0.000000E+00,0.000000E+00,0.000000E+00,0.000000E+00,0.000000E+00,0.000000E+00,0.000000E+00,0.000000E+00,1.598758E+01,1.000000E+02,2.199830E+01,4.885358E+01,5.851862E+02,1.377947E+02,1.662819E-02,1.503186E-02,0.000000E+00,0.000000E+00,0.000000E+00,0.000000E+00,0.000000E+00,0.000000E+00,0.000000E+00,0.000000E+00,1.595949E+01,1.000000E+02,2.199455E+01,5.802520E+01
02:10:00,4.250444E+02,6.209520E+02,1.208770E-02,6.771077E-02,0.000000E+00,0.000000E+00,0.000000E+00,0.000000E+00,0.000000E+00,0.000000E+00,0.000000E+00,0.000000E+00,1.598758E+01,1.000000E+02,2.199830E+01,4.885951E+01,5.851862E+02,1.366367E+02,1.662819E-02,1.490554E-02,0.000000E+00,0.000000E+00,0.000000E+00,0.000000E+00,0.000000E+00,0.000000E+00,0.000000E+00,0.000000E+00,1.595949E+01,1.000000E+02,2.199455E+01,5.810321E+01
02:20:00,4.250444E+02,6.191898E+02,1.208770E-02,6.751862E-02,0.000000E+00,0.000000E+00,0.000000E+00,0.000000E+00,0.000000E+00,0.000000E+00,0.000000E+00,0.000000E+00,1.598758E+01,1.000000E+02,2.199829E+01,4.886519E+01,5.851862E+02,1.355385E+02,1.662819E-02,1.478574E-02,0.000000E+00,0.000000E+00,0.000000E+00,0.000000E+00,0.000000E+00,0.000000E+00,0.000000E+00,0.000000E+00,1.595949E+01,1.000000E+02,2.199454E+01,5.817832E+01
02:30:00,4.250444E+02,6.175187E+02,1.208770E-02,6.733642E-02,0.000000E+00,0.000000E+00,0.000000E+00,0.000000E+00,0.000000E+00,0.000000E+00,0.000000E+00,0.000000E+00,1.598758E+01,1.000000E+02,2.199829E+01,4.887058E+01,5.851862E+02,1.344961E+02,1.662819E-02,1.467204E-02,0.000000E+00,0.000000E+00,0.000000E+00,0.000000E+00,0.000000E+00,0.000000E+00,0.000000E+00,0.000000E+00,1.595949E+01,1.000000E+02,2.199454E+01,5.825011E+01
02:40:00,4.250444E+02,6.159324E+02,1.208770E-02,6.716346E-02,0.000000E+00,0.000000E+00,0.000000E+00,0.000000E+00,0.000000E+00,0.000000E+00,0.000000E+00,0.000000E+00,1.598758E+01,1.000000E+02,2.199829E+01,4.887568E+01,5.851862E+02,1.335062E+02,1.662819E-02,1.456405E-02,0.000000E+00,0.000000E+00,0.000000E+00,0.000000E+00,0.000000E+00,0.000000E+00,0.000000E+00,0.000000E+00,1.595949E+01,1.000000E+02,2.199454E+01,5.831868E+01
02:50:00,4.250444E+02,6.144257E+02,1.208770E-02,6.699918E-02,0.000000E+00,0.000000E+00,0.000000E+00,0.000000E+00,0.000000E+00,0.000000E+00,0.000000E+00,0.000000E+00,1.598758E+01,1.000000E+02,2.199829E+01,4.888054E+01,5.851862E+02,1.325658E+02,1.662819E-02,1.446147E-02,0.000000E+00,0.000000E+00,0.000000E+00,0.000000E+00,0.000000E+00,0.000000E+00,0.000000E+00,0.000000E+00,1.595949E+01,1.000000E+02,2.199453E+01,5.838447E+01
03:00:00,4.250444E+02,6.129948E+02,1.208770E-02,6.684316E-02,0.000000E+00,0.000000E+00,0.000000E+00,0.000000E+00,0.000000E+00,0.000000E+00,0.000000E+00,0.000000E+00,1.598758E+01,1.000000E+02,2.199829E+01,4.888519E+01,5.851862E+02,1.316727E+02,1.662819E-02,1.436406E-02,0.000000E+00,0.000000E+00,0.000000E+00,0.000000E+00,0.000000E+00,0.000000E+00,0.000000E+00,0.000000E+00,1.595949E+01,1.000000E+02,2.199453E+01,5.844803E+01
03:10:00,4.250444E+02,6.116281E+02,1.208770E-02,6.669414E-02,0.000000E+00,0.000000E+00,0.000000E+00,0.000000E+00,0.000000E+00,0.000000E+00,0.000000E+00,0.000000E+00,1.598758E+01,1.000000E+02,2.199829E+01,4.888968E+01,5.851862E+02,1.308180E+02,1.662819E-02,1.427083E-02,0.000000E+00,0.000000E+00,0.000000E+00,0.000000E+00,0.000000E+00,0.000000E+00,0.000000E+00,0.000000E+00,1.595949E+01,1.000000E+02,2.199453E+01,5.850988E+01
03:20:00,4.250444E+02,6.103132E+02,1.208770E-02,6.655078E-02,0.000000E+00,0.000000E+00,0.000000E+00,0.000000E+00,0.000000E+00,0.000000E+00,0.000000E+00,0.000000E+00,1.598758E+01,1.000000E+02,2.199828E+01,4.889406E+01,5.851862E+02,1.299951E+02,1.662819E-02,1.418106E-02,0.000000E+00,0.000000E+00,0.000000E+00,0.000000E+00,0.000000E+00,0.000000E+00,0.000000E+00,0.000000E+00,1.595949E+01,1.000000E+02,2.199452E+01,5.857045E+01
03:30:00,4.250444E+02,6.090387E+02,1.208770E-02,6.641180E-02,0.000000E+00,0.000000E+00,0.000000E+00,0.000000E+00,0.000000E+00,0.000000E+00,0.000000E+00,0.000000E+00,1.598758E+01,1.000000E+02,2.199828E+01,4.889835E+01,5.851862E+02,1.291976E+02,1.662819E-02,1.409406E-02,0.000000E+00,0.000000E+00,0.000000E+00,0.000000E+00,0.000000E+00,0.000000E+00,0.000000E+00,0.000000E+00,1.595949E+01,1.000000E+02,2.199452E+01,5.863012E+01
03:40:00,4.250444E+02,6.077950E+02,1.208770E-02,6.627620E-02,0.000000E+00,0.000000E+00,0.000000E+00,0.000000E+00,0.000000E+00,0.000000E+00,0.000000E+00,0.000000E+00,1.598758E+01,1.000000E+02,2.199828E+01,4.890258E+01,5.851862E+02,1.284200E+02,1.662819E-02,1.400924E-02,0.000000E+00,0.000000E+00,0.000000E+00,0.000000E+00,0.000000E+00,0.000000E+00,0.000000E+00,0.000000E+00,1.595949E+01,1.000000E+02,2.199452E+01,5.868917E+01
03:50:00,4.250444E+02,6.065750E+02,1.208770E-02,6.614318E-02,0.000000E+00,0.000000E+00,0.000000E+00,0.000000E+00,0.000000E+00,0.000000E+00,0.000000E+00,0.000000E+00,1.598758E+01,1.000000E+02,2.199828E+01,4.890676E+01,5.851862E+02,1.276581E+02,1.662819E-02,1.392613E-02,0.000000E+00,0.000000E+00,0.000000E+00,0.000000E+00,0.000000E+00,0.000000E+00,0.000000E+00,0.000000E+00,1.595949E+01,1.000000E+02,2.199452E+01,5.874783E+01
04:00:00,4.250444E+02,6.053732E+02,1.208770E-02,6.601214E-02,0.000000E+00,0.000000E+00,0.000000E+00,0.000000E+00,0.000000E+00,0.000000E+00,0.000000E+00,0.000000E+00,1.598758E+01,1.000000E+02,2.199828E+01,4.891091E+01,5.851862E+02,1.269085E+02,1.662819E-02,1.384436E-02,0.000000E+00,0.000000E+00,0.000000E+00,0.000000E+00,0.000000E+00,0.000000E+00,0.000000E+00,0.000000E+00,1.595949E+01,1.000000E+02,2.199452E+01,5.880629E+01
04:10:00,4.250444E+02,6.041941E+02,1.208770E-02,6.588357E-02,0.000000E+00,0.000000E+00,0.000000E+00,0.000000E+00,0.000000E+00,0.000000E+00,0.000000E+00,0.000000E+00,1.598758E+01,1.000000E+02,2.199828E+01,4.891503E+01,5.851862E+02,1.261758E+02,1.662819E-02,1.376443E-02,0.000000E+00,0.000000E+00,0.000000E+00,0.000000E+00,0.000000E+00,0.000000E+00,0.000000E+00,0.000000E+00,1.595949E+01,1.000000E+02,2.199452E+01,5.886470E+01
04:20:00,4.250444E+02,6.030445E+02,1.208770E-02,6.575823E-02,0.000000E+00,0.000000E+00,0.000000E+00,0.000000E+00,0.000000E+00,0.000000E+00,0.000000E+00,0.000000E+00,1.598758E+01,1.000000E+02,2.199828E+01,4.891906E+01,5.851862E+02,1.254631E+02,1.662819E-02,1.368669E-02,0.000000E+00,0.000000E+00,0.000000E+00,0.000000E+00,0.000000E+00,0.000000E+00,0.000000E+00,0.000000E+00,1.595949E+01,1.000000E+02,2.199452E+01,5.892177E+01
04:30:00,4.250444E+02,6.019319E+02,1.208770E-02,6.563691E-02,0.000000E+00,0.000000E+00,0.000000E+00,0.000000E+00,0.000000E+00,0.000000E+00,0.000000E+00,0.000000E+00,1.598758E+01,1.000000E+02,2.199828E+01,4.892291E+01,5.851862E+02,1.247741E+02,1.662819E-02,1.361152E-02,0.000000E+00,0.000000E+00,0.000000E+00,0.000000E+00,0.000000E+00,0.000000E+00,0.000000E+00,0.000000E+00,1.595949E+01,1.000000E+02,2.199451E+01,5.897658E+01
04:40:00,4.250444E+02,6.008625E+02,1.208770E-02,6.552030E-02,0.000000E+00,0.000000E+00,0.000000E+00,0.000000E+00,0.000000E+00,0.000000E+00,0.000000E+00,0.000000E+00,1.598758E+01,1.000000E+02,2.199827E+01,4.892656E+01,5.851862E+02,1.241120E+02,1.662819E-02,1.353929E-02,0.000000E+00,0.000000E+00,0.000000E+00,0.000000E+00,0.000000E+00,0.000000E+00,0.000000E+00,0.000000E+00,1.595949E+01,1.000000E+02,2.199451E+01,5.902889E+01
04:50:00,4.250444E+02,5.998470E+02,1.208770E-02,6.540958E-02,0.000000E+00,0.000000E+00,0.000000E+00,0.000000E+00,0.000000E+00,0.000000E+00,0.000000E+00,0.000000E+00,1.598758E+01,1.000000E+02,2.199827E+01,4.893001E+01,5.851862E+02,1.234832E+02,1.662819E-02,1.347071E-02,0.000000E+00,0.000000E+00,0.000000E+00,0.000000E+00,0.000000E+00,0.000000E+00,0.000000E+00,0.000000E+00,1.595949E+01,1.000000E+02,2.199451E+01,5.907889E+01
05:00:00,4.250444E+02,5.988895E+02,1.208770E-02,6.530519E-02,0.000000E+00,0.000000E+00,0.000000E+00,0.000000E+00,0.000000E+00,0.000000E+00,0.000000E+00,0.000000E+00,1.598758E+01,1.000000E+02,2.199827E+01,4.893326E+01,5.851862E+02,1.228903E+02,1.662819E-02,1.340603E-02,0.000000E+00,0.000000E+00,0.000000E+00,0.000000E+00,0.000000E+00,0.000000E+00,0.000000E+00,0.000000E+00,1.595949E+01,1.000000E+02,2.199451E+01,5.912623E+01
05:10:00,4.250444E+02,5.980162E+02,1.208770E-02,6.520996E-02,0.000000E+00,0.000000E+00,0.000000E+00,0.000000E+00,0.000000E+00,0.000000E+00,0.000000E+00,0.000000E+00,1.598758E+01,1.000000E+02,2.199827E+01,4.893633E+01,5.851862E+02,1.223548E+02,1.662819E-02,1.334761E-02,0.000000E+00,0.000000E+00,0.000000E+00,0.000000E+00,0.000000E+00,0.000000E+00,0.000000E+00,0.000000E+00,1.595949E+01,1.000000E+02,2.199450E+01,5.917123E+01
05:20:00,4.250444E+02,5.972956E+02,1.208770E-02,6.513139E-02,0.000000E+00,0.000000E+00,0.000000E+00,0.000000E+00,0.000000E+00,0.000000E+00,0.000000E+00,0.000000E+00,1.598758E+01,1.000000E+02,2.199827E+01,4.893895E+01,5.851862E+02,1.219030E+02,1.662819E-02,1.329834E-02,0.000000E+00,0.000000E+00,0.000000E+00,0.000000E+00,0.000000E+00,0.000000E+00,0.000000E+00,0.000000E+00,1.595949E+01,1.000000E+02,2.199450E+01,5.920905E+01
05:30:00,4.250444E+02,5.970924E+02,1.208770E-02,6.510924E-02,0.000000E+00,0.000000E+00,0.000000E+00,0.000000E+00,0.000000E+00,0.000000E+00,0.000000E+00,0.000000E+00,1.598758E+01,1.000000E+02,2.199827E+01,4.894056E+01,5.851862E+02,1.216557E+02,1.662819E-02,1.327136E-02,0.000000E+00,0.000000E+00,0.000000E+00,0.000000E+00,0.000000E+00,0.000000E+00,0.000000E+00,0.000000E+00,1.595949E+01,1.000000E+02,2.199448E+01,5.923436E+01
05:40:00,4.250444E+02,5.980581E+02,1.208770E-02,6.521457E-02,0.000000E+00,0.000000E+00,0.000000E+00,0.000000E+00,0.000000E+00,0.000000E+00,0.000000E+00,0.000000E+00,1.598758E+01,1.000000E+02,2.199826E+01,4.893851E+01,5.851862E+02,1.218477E+02,1.662819E-02,1.329233E-02,0.000000E+00,0.000000E+00,0.000000E+00,0.000000E+00,0.000000E+00,0.000000E+00,0.000000E+00,0.000000E+00,1.595949E+01,1.000000E+02,2.199445E+01,5.922646E+01
05:50:00,4.250444E+02,6.008732E+02,1.208770E-02,6.552156E-02,0.000000E+00,0.000000E+00,0.000000E+00,0.000000E+00,0.000000E+00,0.000000E+00,0.000000E+00,0.000000E+00,1.598758E+01,1.000000E+02,2.199825E+01,4.892815E+01,5.851862E+02,1.227555E+02,1.662819E-02,1.339139E-02,0.000000E+00,0.000000E+00,0.000000E+00,0.000000E+00,0.000000E+00,0.000000E+00,0.000000E+00,0.000000E+00,1.595949E+01,1.000000E+02,2.199437E+01,5.914535E+01
06:00:00,4.250444E+02,6.060194E+02,1.208770E-02,6.608277E-02,0.000000E+00,0.000000E+00,0.000000E+00,0.000000E+00,0.000000E+00,0.000000E+00,0.000000E+00,0.000000E+00,1.598758E+01,1.000000E+02,2.199824E+01,4.890598E+01,5.851862E+02,1.246295E+02,1.662819E-02,1.359589E-02,0.000000E+00,0.000000E+00,0.000000E+00,0.000000E+00,0.000000E+00,0.000000E+00,0.000000E+00,0.000000E+00,1.595949E+01,1.000000E+02,2.199426E+01,5.895449E+01
06:10:00,4.250444E+02,6.137384E+02,1.208770E-02,6.692455E-02,0.000000E+00,0.000000E+00,0.000000E+00,0.000000E+00,0.000000E+00,0.000000E+00,0.000000E+00,0.000000E+00,1.598758E+01,1.000000E+02,2.199823E+01,4.887233E+01,5.851862E+02,1.276761E+02,1.662819E-02,1.392835E-02,0.000000E+00,0.000000E+00,0.000000E+00,0.000000E+00,0.000000E+00,0.000000E+00,0.000000E+00,0.000000E+00,1.595949E+01,1.000000E+02,2.199415E+01,5.864581E+01
06:20:00,4.250444E+02,6.240272E+02,1.208770E-02,6.804654E-02,0.000000E+00,0.000000E+00,0.000000E+00,0.000000E+00,0.000000E+00,0.000000E+00,0.000000E+00,0.000000E+00,1.598758E+01,1.000000E+02,2.199822E+01,4.883061E+01,5.851862E+02,1.320293E+02,1.662819E-02,1.440337E-02,0.000000E+00,0.000000E+00,0.000000E+00,0.000000E+00,0.000000E+00,0.000000E+00,0.000000E+00,0.000000E+00,1.595949E+01,1.000000E+02,2.199406E+01,5.823547E+01
06:30:00,4.250444E+02,6.364525E+02,1.208770E-02,6.940150E-02,0.000000E+00,0.000000E+00,0.000000E+00,0.000000E+00,0.000000E+00,0.000000E+00,0.000000E+00,0.000000E+00,1.598758E+01,1.000000E+02,2.199823E+01,4.878545E+01,5.851862E+02,1.376806E+02,1.662819E-02,1.502001E-02,0.000000E+00,0.000000E+00,0.000000E+00,0.000000E+00,0.000000E+00,0.000000E+00,0.000000E+00,0.000000E+00,1.595949E+01,1.000000E+02,2.199400E+01,5.775929E+01
06:40:00,4.250444E+02,6.502111E+02,1.208770E-02,7.090182E-02,0.000000E+00,0.000000E+00,0.000000E+00,0.000000E+00,0.000000E+00,0.000000E+00,0.000000E+00,0.000000E+00,1.598758E+01,1.000000E+02,2.199824E+01,4.874078E+01,5.851862E+02,1.444658E+02,1.662819E-02,1.576037E-02,0.000000E+00,0.000000E+00,0.000000E+00,0.000000E+00,0.000000E+00,0.000000E+00,0.000000E+00,0.000000E+00,1.595949E+01,1.000000E+02,2.199397E+01,5.725651E+01
06:50:00,4.250444E+02,6.644195E+02,1.208770E-02,7.245117E-02,0.000000E+00,0.000000E+00,0.000000E+00,0.000000E+00,0.000000E+00,0.000000E+00,0.000000E+00,0.000000E+00,1.598758E+01,1.000000E+02,2.199825E+01,4.869908E+01,5.851862E+02,1.521427E+02,1.662819E-02,1.659799E-02,0.000000E+00,0.000000E+00,0.000000E+00,0.000000E+00,0.000000E+00,0.000000E+00,0.000000E+00,0.000000E+00,1.595949E+01,1.000000E+02,2.199398E+01,5.675814E+01
07:00:00,4.250444E+02,6.783775E+02,1.208770E-02,7.397317E-02,0.000000E+00,0.000000E+00,0.000000E+00,0.000000E+00,0.000000E+00,0.000000E+00,0.000000E+00,0.000000E+00,1.598758E+01,1.000000E+02,2.199826E+01,4.866150E+01,5.851862E+02,1.604719E+02,1.662819E-02,1.750673E-02,0.000000E+00,0.000000E+00,0.000000E+00,0.000000E+00,0.000000E+00,0.000000E+00,0.000000E+00,0.000000E+00,1.595949E+01,1.000000E+02,2.199401E+01,5.628366E+01
07:10:00,4.250444E+02,6.916832E+02,1.208770E-02,7.542400E-02,0.000000E+00,0.000000E+00,0.000000E+00,0.000000E+00,0.000000E+00,0.000000E+00,0.000000E+00,0.000000E+00,1.598758E+01,1.000000E+02,2.199828E+01,4.862836E+01,5.851862E+02,1.692877E+02,1.662819E-02,1.846852E-02,0.000000E+00,0.000000E+00,0.000000E+00,0.000000E+00,0.000000E+00,0.000000E+00,0.000000E+00,0.000000E+00,1.595949E+01,1.000000E+02,2.199405E+01,5.584299E+01
07:20:00,4.250444E+02,7.041594E+02,1.208770E-02,7.678436E-02,0.000000E+00,0.000000E+00,0.000000E+00,0.000000E+00,0.000000E+00,0.000000E+00,0.000000E+00,0.000000E+00,1.598758E+01,1.000000E+02,2.199829E+01,4.859878E+01,5.851862E+02,1.784626E+02,1.662819E-02,1.946945E-02,0.000000E+00,0.000000E+00,0.000000E+00,0.000000E+00,0.000000E+00,0.000000E+00,0.000000E+00,0.000000E+00,1.595949E+01,1.000000E+02,2.199409E+01,5.543044E+01
07:30:00,4.250444E+02,7.157751E+02,1.208770E-02,7.805087E-02,0.000000E+00,0.000000E+00,0.000000E+00,0.000000E+00,0.000000E+00,0.000000E+00,0.000000E+00,0.000000E+00,1.598758E+01,1.000000E+02,2.199830E+01,4.857188E+01,5.851862E+02,1.879095E+02,1.662819E-02,2.050001E-02,0.000000E+00,0.000000E+00,0.000000E+00,0.000000E+00,0.000000E+00,0.000000E+00,0.000000E+00,0.000000E+00,1.595949E+01,1.000000E+02,2.199412E+01,5.504233E+01
07:40:00,4.250444E+02,7.265788E+02,1.208770E-02,7.922884E-02,0.000000E+00,0.000000E+00,0.000000E+00,0.000000E+00,0.000000E+00,0.000000E+00,0.000000E+00,0.000000E+00,1.598758E+01,1.000000E+02,2.199831E+01,4.854709E+01,5.851862E+02,1.975704E+02,1.662819E-02,2.155389E-02,0.000000E+00,0.000000E+00,0.000000E+00,0.000000E+00,0.000000E+00,0.000000E+00,0.000000E+00,0.000000E+00,1.595949E+01,1.000000E+02,2.199416E+01,5.467876E+01
07:50:00,4.250444E+02,7.366903E+02,1.208770E-02,8.033133E-02,0.000000E+00,0.000000E+00,0.000000E+00,0.000000E+00,0.000000E+00,0.000000E+00,0.000000E+00,0.000000E+00,1.598758E+01,1.000000E+02,2.199832E+01,4.852422E+01,5.851862E+02,2.074153E+02,1.662819E-02,2.262782E-02,0.000000E+00,0.000000E+00,0.000000E+00,0.000000E+00,0.000000E+00,0.000000E+00,0.000000E+00,0.000000E+00,1.595949E+01,1.000000E+02,2.199420E+01,5.434088E+01
08:00:00,4.250444E+02,7.462467E+02,1.208770E-02,8.137329E-02,0.000000E+00,0.000000E+00,0.000000E+00,0.000000E+00,0.000000E+00,0.000000E+00,0.000000E+00,0.000000E+00,1.598758E+01,1.000000E+02,2.199833E+01,4.850305E+01,5.851862E+02,2.174287E+02,1.662819E-02,2.372013E-02,0.000000E+00,0.000000E+00,0.000000E+00,0.000000E+00,0.000000E+00,0.000000E+00,0.000000E+00,0.000000E+00,1.595949E+01,1.000000E+02,2.199424E+01,5.402843E+01
08:10:00,4.250444E+02,7.552972E+02,1.208770E-02,8.236011E-02,0.000000E+00,0.000000E+00,0.000000E+00,0.000000E+00,0.000000E+00,0.000000E+00,0.000000E+00,0.000000E+00,1.598758E+01,1.000000E+02,2.199834E+01,4.848341E+01,5.851862E+02,2.275415E+02,1.662819E-02,2.482326E-02,0.000000E+00,0.000000E+00,0.000000E+00,0.000000E+00,0.000000E+00,0.000000E+00,0.000000E+00,0.000000E+00,1.595949E+01,1.000000E+02,2.199429E+01,5.374039E+01
08:20:00,4.250444E+02,7.638662E+02,1.208770E-02,8.329441E-02,0.000000E+00,0.000000E+00,0.000000E+00,0.000000E+00,0.000000E+00,0.000000E+00,0.000000E+00,0.000000E+00,1.598758E+01,1.000000E+02,2.199834E+01,4.846514E+01,5.851862E+02,2.377032E+02,1.662819E-02,2.593172E-02,0.000000E+00,0.000000E+00,0.000000E+00,0.000000E+00,0.000000E+00,0.000000E+00,0.000000E+00,0.000000E+00,1.595949E+01,1.000000E+02,2.199433E+01,5.347444E+01
08:30:00,4.250444E+02,7.719705E+02,1.208770E-02,8.417805E-02,0.000000E+00,0.000000E+00,0.000000E+00,0.000000E+00,0.000000E+00,0.000000E+00,0.000000E+00,0.000000E+00,1.598758E+01,1.000000E+02,2.199835E+01,4.844816E+01,5.851862E+02,2.478660E+02,1.662819E-02,2.704028E-02,0.000000E+00,0.000000E+00,0.000000E+00,0.000000E+00,0.000000E+00,0.000000E+00,0.000000E+00,0.000000E+00,1.595949E+01,1.000000E+02,2.199437E+01,5.322902E+01
08:40:00,4.250444E+02,7.797200E+02,1.208770E-02,8.502302E-02,0.000000E+00,0.000000E+00,0.000000E+00,0.000000E+00,0.000000E+00,0.000000E+00,0.000000E+00,0.000000E+00,1.598758E+01,1.000000E+02,2.199836E+01,4.843241E+01,5.851862E+02,2.580073E+02,1.662819E-02,2.814649E-02,0.000000E+00,0.000000E+00,0.000000E+00,0.000000E+00,0.000000E+00,0.000000E+00,0.000000E+00,0.000000E+00,1.595949E+01,1.000000E+02,2.199441E+01,5.300288E+01
08:50:00,4.250444E+02,7.872980E+02,1.208770E-02,8.584928E-02,0.000000E+00,0.000000E+00,0.000000E+00,0.000000E+00,0.000000E+00,0.000000E+00,0.000000E+00,0.000000E+00,1.598758E+01,1.000000E+02,2.199836E+01,4.841738E+01,5.851862E+02,2.681272E+02,1.662819E-02,2.925036E-02,0.000000E+00,0.000000E+00,0.000000E+00,0.000000E+00,0.000000E+00,0.000000E+00,0.000000E+00,0.000000E+00,1.595949E+01,1.000000E+02,2.199445E+01,5.279355E+01
09:00:00,4.250444E+02,7.949214E+02,1.208770E-02,8.668050E-02,0.000000E+00,0.000000E+00,0.000000E+00,0.000000E+00,0.000000E+00,0.000000E+00,0.000000E+00,0.000000E+00,1.598758E+01,1.000000E+02,2.199837E+01,4.840213E+01,5.851862E+02,2.782406E+02,1.662819E-02,3.035351E-02,0.000000E+00,0.000000E+00,0.000000E+00,0.000000E+00,0.000000E+00,0.000000E+00,0.000000E+00,0.000000E+00,1.595949E+01,1.000000E+02,2.199448E+01,5.259761E+01
09:10:00,4.250444E+02,8.027542E+02,1.208770E-02,8.753456E-02,0.000000E+00,0.000000E+00,0.000000E+00,0.000000E+00,0.000000E+00,0.000000E+00,0.000000E+00,0.000000E+00,1.598758E+01,1.000000E+02,2.199837E+01,4.838589E+01,5.851862E+02,2.883351E+02,1.662819E-02,3.145460E-02,0.000000E+00,0.000000E+00,0.000000E+00,0.000000E+00,0.000000E+00,0.000000E+00,0.000000E+00,0.000000E+00,1.595949E+01,1.000000E+02,2.199451E+01,5.241271E+01
09:20:00,4.250444E+02,8.109100E+02,1.208770E-02,8.842384E-02,0.000000E+00,0.000000E+00,0.000000E+00,0.000000E+00,0.000000E+00,0.000000E+00,0.000000E+00,0.000000E+00,1.598758E+01,1.000000E+02,2.199837E+01,4.836868E+01,5.851862E+02,2.984006E+02,1.662819E-02,3.255252E-02,0.000000E+00,0.000000E+00,0.000000E+00,0.000000E+00,0.000000E+00,0.000000E+00,0.000000E+00,0.000000E+00,1.595949E+01,1.000000E+02,2.199455E+01,5.223928E+01
09:30:00,4.250444E+02,8.194605E+02,1.208770E-02,8.935617E-02,0.000000E+00,0.000000E+00,0.000000E+00,0.000000E+00,0.000000E+00,0.000000E+00,0.000000E+00,0.000000E+00,1.598758E+01,1.000000E+02,2.199837E+01,4.835099E+01,5.851862E+02,3.084220E+02,1.662819E-02,3.364562E-02,0.000000E+00,0.000000E+00,0.000000E+00,0.000000E+00,0.000000E+00,0.000000E+00,0.000000E+00,0.000000E+00,1.595949E+01,1.000000E+02,2.199458E+01,5.207789E+01
09:40:00,4.250444E+02,8.283658E+02,1.208770E-02,9.032719E-02,0.000000E+00,0.000000E+00,0.000000E+00,0.000000E+00,0.000000E+00,0.000000E+00,0.000000E+00,0.000000E+00,1.598758E+01,1.000000E+02,2.199838E+01,4.833340E+01,5.851862E+02,3.183649E+02,1.662819E-02,3.473016E-02,0.000000E+00,0.000000E+00,0.000000E+00,0.000000E+00,0.000000E+00,0.000000E+00,0.000000E+00,0.000000E+00,1.595949E+01,1.000000E+02,2.199461E+01,5.192847E+01
09:50:00,4.250444E+02,8.374718E+02,1.208770E-02,9.132010E-02,0.000000E+00,0.000000E+00,0.000000E+00,0.000000E+00,0.000000E+00,0.000000E+00,0.000000E+00,0.000000E+00,1.598758E+01,1.000000E+02,2.199838E+01,4.831629E+01,5.851862E+02,3.281700E+02,1.662819E-02,3.579966E-02,0.000000E+00,0.000000E+00,0.000000E+00,0.000000E+00,0.000000E+00,0.000000E+00,0.000000E+00,0.000000E+00,1.595949E+01,1.000000E+02,2.199464E+01,5.179039E+01
10:00:00,4.250444E+02,8.465922E+02,1.208770E-02,9.231457E-02,0.000000E+00,0.000000E+00,0.000000E+00,0.000000E+00,0.000000E+00,0.000000E+00,0.000000E+00,0.000000E+00,1.598758E+01,1.000000E+02,2.199839E+01,4.829986E+01,5.851862E+02,3.377766E+02,1.662819E-02,3.684750E-02,0.000000E+00,0.000000E+00,0.000000E+00,0.000000E+00,0.000000E+00,0.000000E+00,0.000000E+00,0.000000E+00,1.595949E+01,1.000000E+02,2.199468E+01,5.166305E+01
10:10:00,4.250444E+02,8.555681E+02,1.208770E-02,9.329328E-02,0.000000E+00,0.000000E+00,0.000000E+00,0.000000E+00,0.000000E+00,0.000000E+00,0.000000E+00,0.000000E+00,1.598758E+01,1.000000E+02,2.199840E+01,4.828421E+01,5.851862E+02,3.471324E+02,1.662819E-02,3.786798E-02,0.000000E+00,0.000000E+00,0.000000E+00,0.000000E+00,0.000000E+00,0.000000E+00,0.000000E+00,0.000000E+00,1.595949E+01,1.000000E+02,2.199471E+01,5.154558E+01
10:20:00,4.250444E+02,8.642831E+02,1.208770E-02,9.424353E-02,0.000000E+00,0.000000E+00,0.000000E+00,0.000000E+00,0.000000E+00,0.000000E+00,0.000000E+00,0.000000E+00,1.598758E+01,1.000000E+02,2.199840E+01,4.826947E+01,5.851862E+02,3.561950E+02,1.662819E-02,3.885647E-02,0.000000E+00,0.000000E+00,0.000000E+00,0.000000E+00,0.000000E+00,0.000000E+00,0.000000E+00,0.000000E+00,1.595949E+01,1.000000E+02,2.199473E+01,5.143788E+01
10:30:00,4.250444E+02,8.726555E+02,1.208770E-02,9.515642E-02,0.000000E+00,0.000000E+00,0.000000E+00,0.000000E+00,0.000000E+00,0.000000E+00,0.000000E+00,0.000000E+00,1.598758E+01,1.000000E+02,2.199841E+01,4.825573E+01,5.851862E+02,3.649305E+02,1.662819E-02,3.980927E-02,0.000000E+00,0.000000E+00,0.000000E+00,0.000000E+00,0.000000E+00,0.000000E+00,0.000000E+00,0.000000E+00,1.595949E+01,1.000000E+02,2.199476E+01,5.133944E+01
10:40:00,4.250444E+02,8.806290E+02,1.208770E-02,9.602581E-02,0.000000E+00,0.000000E+00,0.000000E+00,0.000000E+00,0.000000E+00,0.000000E+00,0.000000E+00,0.000000E+00,1.598758E+01,1.000000E+02,2.199841E+01,4.824301E+01,5.851862E+02,3.733115E+02,1.662819E-02,4.072338E-02,0.000000E+00,0.000000E+00,0.000000E+00,0.000000E+00,0.000000E+00,0.000000E+00,0.000000E+00,0.000000E+00,1.595949E+01,1.000000E+02,2.199479E+01,5.124946E+01
10:50:00,4.250444E+02,8.881683E+02,1.208770E-02,9.684786E-02,0.000000E+00,0.000000E+00,0.000000E+00,0.000000E+00,0.000000E+00,0.000000E+00,0.000000E+00,0.000000E+00,1.598758E+01,1.000000E+02,2.199842E+01,4.823127E+01,5.851862E+02,3.813200E+02,1.662819E-02,4.159688E-02,0.000000E+00,0.000000E+00,0.000000E+00,0.000000E+00,0.000000E+00,0.000000E+00,0.000000E+00,0.000000E+00,1.595949E+01,1.000000E+02,2.199482E+01,5.116718E+01
11:00:00,4.250444E+02,8.952448E+02,1.208770E-02,9.761944E-02,0.000000E+00,0.000000E+00,0.000000E+00,0.000000E+00,0.000000E+00,0.000000E+00,0.000000E+00,0.000000E+00,1.598758E+01,1.000000E+02,2.199842E+01,4.822045E+01,5.851862E+02,3.889380E+02,1.662819E-02,4.242777E-02,0.000000E+00,0.000000E+00,0.000000E+00,0.000000E+00,0.000000E+00,0.000000E+00,0.000000E+00,0.000000E+00,1.595949E+01,1.000000E+02,2.199484E+01,5.109187E+01
11:10:00,4.250444E+02,9.018074E+02,1.208770E-02,9.833498E-02,0.000000E+00,0.000000E+00,0.000000E+00,0.000000E+00,0.000000E+00,0.000000E+00,0.000000E+00,0.000000E+00,1.598758E+01,1.000000E+02,2.199843E+01,4.821047E+01,5.851862E+02,3.961244E+02,1.662819E-02,4.321159E-02,0.000000E+00,0.000000E+00,0.000000E+00,0.000000E+00,0.000000E+00,0.000000E+00,0.000000E+00,0.000000E+00,1.595949E+01,1.000000E+02,2.199486E+01,5.102293E+01
11:20:00,4.250444E+02,9.078073E+02,1.208770E-02,9.898918E-02,0.000000E+00,0.000000E+00,0.000000E+00,0.000000E+00,0.000000E+00,0.000000E+00,0.000000E+00,0.000000E+00,1.598758E+01,1.000000E+02,2.199843E+01,4.820158E+01,5.851862E+02,4.028457E+02,1.662819E-02,4.394466E-02,0.000000E+00,0.000000E+00,0.000000E+00,0.000000E+00,0.000000E+00,0.000000E+00,0.000000E+00,0.000000E+00,1.595949E+01,1.000000E+02,2.199488E+01,5.096165E+01
11:30:00,4.250444E+02,9.132049E+02,1.208770E-02,9.957768E-02,0.000000E+00,0.000000E+00,0.000000E+00,0.000000E+00,0.000000E+00,0.000000E+00,0.000000E+00,0.000000E+00,1.598758E+01,1.000000E+02,2.199843E+01,4.819393E+01,5.851862E+02,4.090717E+02,1.662819E-02,4.462371E-02,0.000000E+00,0.000000E+00,0.000000E+00,0.000000E+00,0.000000E+00,0.000000E+00,0.000000E+00,0.000000E+00,1.595949E+01,1.000000E+02,2.199491E+01,5.090795E+01
11:40:00,4.250444E+02,9.179745E+02,1.208770E-02,1.000977E-01,0.000000E+00,0.000000E+00,0.000000E+00,0.000000E+00,0.000000E+00,0.000000E+00,0.000000E+00,0.000000E+00,1.598758E+01,1.000000E+02,2.199844E+01,4.818748E+01,5.851862E+02,4.147793E+02,1.662819E-02,4.524622E-02,0.000000E+00,0.000000E+00,0.000000E+00,0.000000E+00,0.000000E+00,0.000000E+00,0.000000E+00,0.000000E+00,1.595949E+01,1.000000E+02,2.199493E+01,5.086103E+01
11:50:00,4.250444E+02,9.221051E+02,1.208770E-02,1.005481E-01,0.000000E+00,0.000000E+00,0.000000E+00,0.000000E+00,0.000000E+00,0.000000E+00,0.000000E+00,0.000000E+00,1.598758E+01,1.000000E+02,2.199844E+01,4.818211E+01,5.851862E+02,4.199521E+02,1.662819E-02,4.581038E-02,0.000000E+00,0.000000E+00,0.000000E+00,0.000000E+00,0.000000E+00,0.000000E+00,0.000000E+00,0.000000E+00,1.595949E+01,1.000000E+02,2.199495E+01,5.082003E+01
12:00:00,4.250444E+02,9.255983E+02,1.208770E-02,1.009289E-01,0.000000E+00,0.000000E+00,0.000000E+00,0.000000E+00,0.000000E+00,0.000000E+00,0.000000E+00,0.000000E+00,1.598758E+01,1.000000E+02,2.199845E+01,4.817764E+01,5.851862E+02,4.245798E+02,1.662819E-02,4.631509E-02,0.000000E+00,0.000000E+00,0.000000E+00,0.000000E+00,0.000000E+00,0.000000E+00,0.000000E+00,0.000000E+00,1.595949E+01,1.000000E+02,2.199496E+01,5.078421E+01
12:10:00,4.250444E+02,9.286139E+02,1.208770E-02,1.012577E-01,0.000000E+00,0.000000E+00,0.000000E+00,0.000000E+00,0.000000E+00,0.000000E+00,0.000000E+00,0.000000E+00,1.598758E+01,1.000000E+02,2.199845E+01,4.817389E+01,5.851862E+02,4.287036E+02,1.662819E-02,4.676483E-02,0.000000E+00,0.000000E+00,0.000000E+00,0.000000E+00,0.000000E+00,0.000000E+00,0.000000E+00,0.000000E+00,1.595949E+01,1.000000E+02,2.199498E+01,5.075298E+01
12:20:00,4.250444E+02,9.314207E+02,1.208770E-02,1.015637E-01,0.000000E+00,0.000000E+00,0.000000E+00,0.000000E+00,0.000000E+00,0.000000E+00,0.000000E+00,0.000000E+00,1.598758E+01,1.000000E+02,2.199845E+01,4.817037E+01,5.851862E+02,4.323915E+02,1.662819E-02,4.716703E-02,0.000000E+00,0.000000E+00,0.000000E+00,0.000000E+00,0.000000E+00,0.000000E+00,0.000000E+00,0.000000E+00,1.595949E+01,1.000000E+02,2.199499E+01,5.072577E+01
12:30:00,4.250444E+02,9.342844E+02,1.208770E-02,1.018760E-01,0.000000E+00,0.000000E+00,0.000000E+00,0.000000E+00,0.000000E+00,0.000000E+00,0.000000E+00,0.000000E+00,1.598758E+01,1.000000E+02,2.199845E+01,4.816627E+01,5.851862E+02,4.357149E+02,1.662819E-02,4.752948E-02,0.000000E+00,0.000000E+00,0.000000E+00,0.000000E+00,0.000000E+00,0.000000E+00,0.000000E+00,0.000000E+00,1.595949E+01,1.000000E+02,2.199500E+01,5.070107E+01
12:40:00,4.250444E+02,9.374178E+02,1.208770E-02,1.022176E-01,0.000000E+00,0.000000E+00,0.000000E+00,0.000000E+00,0.000000E+00,0.000000E+00,0.000000E+00,0.000000E+00,1.598758E+01,1.000000E+02,2.199845E+01,4.816109E+01,5.851862E+02,4.387332E+02,1.662819E-02,4.785866E-02,0.000000E+00,0.000000E+00,0.000000E+00,0.000000E+00,0.000000E+00,0.000000E+00,0.000000E+00,0.000000E+00,1.595949E+01,1.000000E+02,2.199501E+01,5.067794E+01
12:50:00,4.250444E+02,9.409781E+02,1.208770E-02,1.026058E-01,0.000000E+00,0.000000E+00,0.000000E+00,0.000000E+00,0.000000E+00,0.000000E+00,0.000000E+00,0.000000E+00,1.598758E+01,1.000000E+02,2.199845E+01,4.815483E+01,5.851862E+02,4.414933E+02,1.662819E-02,4.815967E-02,0.000000E+00,0.000000E+00,0.000000E+00,0.000000E+00,0.000000E+00,0.000000E+00,0.000000E+00,0.000000E+00,1.595949E+01,1.000000E+02,2.199502E+01,5.065636E+01
13:00:00,4.250444E+02,9.450745E+02,1.208770E-02,1.030525E-01,0.000000E+00,0.000000E+00,0.000000E+00,0.000000E+00,0.000000E+00,0.000000E+00,0.000000E+00,0.000000E+00,1.598758E+01,1.000000E+02,2.199845E+01,4.814784E+01,5.851862E+02,4.440300E+02,1.662819E-02,4.843634E-02,0.000000E+00,0.000000E+00,0.000000E+00,0.000000E+00,0.000000E+00,0.000000E+00,0.000000E+00,0.000000E+00,1.595949E+01,1.000000E+02,2.199502E+01,5.063664E+01
13:10:00,4.250444E+02,9.496494E+02,1.208770E-02,1.035514E-01,0.000000E+00,0.000000E+00,0.000000E+00,0.000000E+00,0.000000E+00,0.000000E+00,0.000000E+00,0.000000E+00,1.598758E+01,1.000000E+02,2.199845E+01,4.814046E+01,5.851862E+02,4.463384E+02,1.662819E-02,4.868809E-02,0.000000E+00,0.000000E+00,0.000000E+00,0.000000E+00,0.000000E+00,0.000000E+00,0.000000E+00,0.000000E+00,1.595949E+01,1.000000E+02,2.199503E+01,5.061899E+01
13:20:00,4.250444E+02,9.545164E+02,1.208770E-02,1.040821E-01,0.000000E+00,0.000000E+00,0.000000E+00,0.000000E+00,0.000000E+00,0.000000E+00,0.000000E+00,0.000000E+00,1.598758E+01,1.000000E+02,2.199845E+01,4.813313E+01,5.851862E+02,4.483797E+02,1.662819E-02,4.891072E-02,0.000000E+00,0.000000E+00,0.000000E+00,0.000000E+00,0.000000E+00,0.000000E+00,0.000000E+00,0.000000E+00,1.595949E+01,1.000000E+02,2.199504E+01,5.060451E+01
13:30:00,4.250444E+02,9.594727E+02,1.208770E-02,1.046225E-01,0.000000E+00,0.000000E+00,0.000000E+00,0.000000E+00,0.000000E+00,0.000000E+00,0.000000E+00,0.000000E+00,1.598758E+01,1.000000E+02,2.199846E+01,4.812614E+01,5.851862E+02,4.501085E+02,1.662819E-02,4.909926E-02,0.000000E+00,0.000000E+00,0.000000E+00,0.000000E+00,0.000000E+00,0.000000E+00,0.000000E+00,0.000000E+00,1.595949E+01,1.000000E+02,2.199505E+01,5.059353E+01
13:40:00,4.250444E+02,9.643475E+02,1.208770E-02,1.051540E-01,0.000000E+00,0.000000E+00,0.000000E+00,0.000000E+00,0.000000E+00,0.000000E+00,0.000000E+00,0.000000E+00,1.598758E+01,1.000000E+02,2.199846E+01,4.811964E+01,5.851862E+02,4.514856E+02,1.662819E-02,4.924944E-02,0.000000E+00,0.000000E+00,0.000000E+00,0.000000E+00,0.000000E+00,0.000000E+00,0.000000E+00,0.000000E+00,1.595949E+01,1.000000E+02,2.199506E+01,5.058597E+01
13:50:00,4.250444E+02,9.690060E+02,1.208770E-02,1.056620E-01,0.000000E+00,0.000000E+00,0.000000E+00,0.000000E+00,0.000000E+00,0.000000E+00,0.000000E+00,0.000000E+00,1.598758E+01,1.000000E+02,2.199846E+01,4.811370E+01,5.851862E+02,4.524794E+02,1.662819E-02,4.935779E-02,0.000000E+00,0.000000E+00,0.000000E+00,0.000000E+00,0.000000E+00,0.000000E+00,0.000000E+00,0.000000E+00,1.595949E+01,1.000000E+02,2.199506E+01,5.058168E+01
14:00:00,4.250444E+02,9.733445E+02,1.208770E-02,1.061350E-01,0.000000E+00,0.000000E+00,0.000000E+00,0.000000E+00,0.000000E+00,0.000000E+00,0.000000E+00,0.000000E+00,1.598758E+01,1.000000E+02,2.199846E+01,4.810830E+01,5.851862E+02,4.530649E+02,1.662819E-02,4.942162E-02,0.000000E+00,0.000000E+00,0.000000E+00,0.000000E+00,0.000000E+00,0.000000E+00,0.000000E+00,0.000000E+00,1.595949E+01,1.000000E+02,2.199507E+01,5.058056E+01
14:10:00,4.250444E+02,9.772634E+02,1.208770E-02,1.065623E-01,0.000000E+00,0.000000E+00,0.000000E+00,0.000000E+00,0.000000E+00,0.000000E+00,0.000000E+00,0.000000E+00,1.598758E+01,1.000000E+02,2.199847E+01,4.810346E+01,5.851862E+02,4.532069E+02,1.662819E-02,4.943706E-02,0.000000E+00,0.000000E+00,0.000000E+00,0.000000E+00,0.000000E+00,0.000000E+00,0.000000E+00,0.000000E+00,1.595949E+01,1.000000E+02,2.199508E+01,5.058251E+01
14:20:00,4.250444E+02,9.806785E+02,1.208770E-02,1.069347E-01,0.000000E+00,0.000000E+00,0.000000E+00,0.000000E+00,0.000000E+00,0.000000E+00,0.000000E+00,0.000000E+00,1.598758E+01,1.000000E+02,2.199847E+01,4.809944E+01,5.851862E+02,4.528777E+02,1.662819E-02,4.940111E-02,0.000000E+00,0.000000E+00,0.000000E+00,0.000000E+00,0.000000E+00,0.000000E+00,0.000000E+00,0.000000E+00,1.595949E+01,1.000000E+02,2.199508E+01,5.058904E+01
14:30:00,4.250444E+02,9.835217E+02,1.208770E-02,1.072447E-01,0.000000E+00,0.000000E+00,0.000000E+00,0.000000E+00,0.000000E+00,0.000000E+00,0.000000E+00,0.000000E+00,1.598758E+01,1.000000E+02,2.199847E+01,4.809642E+01,5.851862E+02,4.520494E+02,1.662819E-02,4.931073E-02,0.000000E+00,0.000000E+00,0.000000E+00,0.000000E+00,0.000000E+00,0.000000E+00,0.000000E+00,0.000000E+00,1.595949E+01,1.000000E+02,2.199509E+01,5.060049E+01
14:40:00,4.250444E+02,9.857397E+02,1.208770E-02,1.074865E-01,0.000000E+00,0.000000E+00,0.000000E+00,0.000000E+00,0.000000E+00,0.000000E+00,0.000000E+00,0.000000E+00,1.598758E+01,1.000000E+02,2.199847E+01,4.809443E+01,5.851862E+02,4.507042E+02,1.662819E-02,4.916395E-02,0.000000E+00,0.000000E+00,0.000000E+00,0.000000E+00,0.000000E+00,0.000000E+00,0.000000E+00,0.000000E+00,1.595949E+01,1.000000E+02,2.199510E+01,5.061675E+01
14:50:00,4.250444E+02,9.872937E+02,1.208770E-02,1.076559E-01,0.000000E+00,0.000000E+00,0.000000E+00,0.000000E+00,0.000000E+00,0.000000E+00,0.000000E+00,0.000000E+00,1.598758E+01,1.000000E+02,2.199848E+01,4.809338E+01,5.851862E+02,4.488311E+02,1.662819E-02,4.895960E-02,0.000000E+00,0.000000E+00,0.000000E+00,0.000000E+00,0.000000E+00,0.000000E+00,0.000000E+00,0.000000E+00,1.595949E+01,1.000000E+02,2.199510E+01,5.063749E+01
15:00:00,4.250444E+02,9.881551E+02,1.208770E-02,1.077498E-01,0.000000E+00,0.000000E+00,0.000000E+00,0.000000E+00,0.000000E+00,0.000000E+00,0.000000E+00,0.000000E+00,1.598758E+01,1.000000E+02,2.199848E+01,4.809318E+01,5.851862E+02,4.464240E+02,1.662819E-02,4.869700E-02,0.000000E+00,0.000000E+00,0.000000E+00,0.000000E+00,0.000000E+00,0.000000E+00,0.000000E+00,0.000000E+00,1.595949E+01,1.000000E+02,2.199510E+01,5.066236E+01
15:10:00,4.250444E+02,9.882805E+02,1.208770E-02,1.077635E-01,0.000000E+00,0.000000E+00,0.000000E+00,0.000000E+00,0.000000E+00,0.000000E+00,0.000000E+00,0.000000E+00,1.598758E+01,1.000000E+02,2.199848E+01,4.809373E+01,5.851862E+02,4.434690E+02,1.662819E-02,4.837462E-02,0.000000E+00,0.000000E+00,0.000000E+00,0.000000E+00,0.000000E+00,0.000000E+00,0.000000E+00,0.000000E+00,1.595949E+01,1.000000E+02,2.199511E+01,5.069114E+01
15:20:00,4.250444E+02,9.876313E+02,1.208770E-02,1.076927E-01,0.000000E+00,0.000000E+00,0.000000E+00,0.000000E+00,0.000000E+00,0.000000E+00,0.000000E+00,0.000000E+00,1.598758E+01,1.000000E+02,2.199848E+01,4.809537E+01,5.851862E+02,4.399565E+02,1.662819E-02,4.799145E-02,0.000000E+00,0.000000E+00,0.000000E+00,0.000000E+00,0.000000E+00,0.000000E+00,0.000000E+00,0.000000E+00,1.595949E+01,1.000000E+02,2.199511E+01,5.072585E+01
15:30:00,4.250444E+02,9.862039E+02,1.208770E-02,1.075370E-01,0.000000E+00,0.000000E+00,0.000000E+00,0.000000E+00,0.000000E+00,0.000000E+00,0.000000E+00,0.000000E+00,1.598758E+01,1.000000E+02,2.199848E+01,4.809828E+01,5.851862E+02,4.358913E+02,1.662819E-02,4.754799E-02,0.000000E+00,0.000000E+00,0.000000E+00,0.000000E+00,0.000000E+00,0.000000E+00,0.000000E+00,0.000000E+00,1.595949E+01,1.000000E+02,2.199511E+01,5.076706E+01
15:40:00,4.250444E+02,9.841261E+02,1.208770E-02,1.073104E-01,0.000000E+00,0.000000E+00,0.000000E+00,0.000000E+00,0.000000E+00,0.000000E+00,0.000000E+00,0.000000E+00,1.598758E+01,1.000000E+02,2.199848E+01,4.810240E+01,5.851862E+02,4.313059E+02,1.662819E-02,4.704779E-02,0.000000E+00,0.000000E+00,0.000000E+00,0.000000E+00,0.000000E+00,0.000000E+00,0.000000E+00,0.000000E+00,1.595949E+01,1.000000E+02,2.199512E+01,5.081440E+01
15:50:00,4.250444E+02,9.816029E+02,1.208770E-02,1.070353E-01,0.000000E+00,0.000000E+00,0.000000E+00,0.000000E+00,0.000000E+00,0.000000E+00,0.000000E+00,0.000000E+00,1.598758E+01,1.000000E+02,2.199848E+01,4.810707E+01,5.851862E+02,4.262510E+02,1.662819E-02,4.649637E-02,0.000000E+00,0.000000E+00,0.000000E+00,0.000000E+00,0.000000E+00,0.000000E+00,0.000000E+00,0.000000E+00,1.595949E+01,1.000000E+02,2.199511E+01,5.086646E+01
16:00:00,4.250444E+02,9.788258E+02,1.208770E-02,1.067324E-01,0.000000E+00,0.000000E+00,0.000000E+00,0.000000E+00,0.000000E+00,0.000000E+00,0.000000E+00,0.000000E+00,1.598758E+01,1.000000E+02,2.199848E+01,4.811145E+01,5.851862E+02,4.207767E+02,1.662819E-02,4.589922E-02,0.000000E+00,0.000000E+00,0.000000E+00,0.000000E+00,0.000000E+00,0.000000E+00,0.000000E+00,0.000000E+00,1.595949E+01,1.000000E+02,2.199511E+01,5.092179E+01
16:10:00,4.250444E+02,9.759942E+02,1.208770E-02,1.064237E-01,0.000000E+00,0.000000E+00,0.000000E+00,0.000000E+00,0.000000E+00,0.000000E+00,0.000000E+00,0.000000E+00,1.598758E+01,1.000000E+02,2.199848E+01,4.811511E+01,5.851862E+02,4.149614E+02,1.662819E-02,4.526488E-02,0.000000E+00,0.000000E+00,0.000000E+00,0.000000E+00,0.000000E+00,0.000000E+00,0.000000E+00,0.000000E+00,1.595949E+01,1.000000E+02,2.199510E+01,5.097982E+01
16:20:00,4.250444E+02,9.732423E+02,1.208770E-02,1.061236E-01,0.000000E+00,0.000000E+00,0.000000E+00,0.000000E+00,0.000000E+00,0.000000E+00,0.000000E+00,0.000000E+00,1.598758E+01,1.000000E+02,2.199848E+01,4.811824E+01,5.851862E+02,4.088643E+02,1.662819E-02,4.459980E-02,0.000000E+00,0.000000E+00,0.000000E+00,0.000000E+00,0.000000E+00,0.000000E+00,0.000000E+00,0.000000E+00,1.595949E+01,1.000000E+02,2.199510E+01,5.104147E+01
16:30:00,4.250444E+02,9.706442E+02,1.208770E-02,1.058403E-01,0.000000E+00,0.000000E+00,0.000000E+00,0.000000E+00,0.000000E+00,0.000000E+00,0.000000E+00,0.000000E+00,1.598758E+01,1.000000E+02,2.199848E+01,4.812134E+01,5.851862E+02,4.025318E+02,1.662819E-02,4.390906E-02,0.000000E+00,0.000000E+00,0.000000E+00,0.000000E+00,0.000000E+00,0.000000E+00,0.000000E+00,0.000000E+00,1.595949E+01,1.000000E+02,2.199509E+01,5.110769E+01
16:40:00,4.250444E+02,9.681329E+02,1.208770E-02,1.055665E-01,0.000000E+00,0.000000E+00,0.000000E+00,0.000000E+00,0.000000E+00,0.000000E+00,0.000000E+00,0.000000E+00,1.598758E+01,1.000000E+02,2.199847E+01,4.812478E+01,5.851862E+02,3.959768E+02,1.662819E-02,4.319405E-02,0.000000E+00,0.000000E+00,0.000000E+00,0.000000E+00,0.000000E+00,0.000000E+00,0.000000E+00,0.000000E+00,1.595949E+01,1.000000E+02,2.199509E+01,5.117899E+01
16:50:00,4.250444E+02,9.655401E+02,1.208770E-02,1.052838E-01,0.000000E+00,0.000000E+00,0.000000E+00,0.000000E+00,0.000000E+00,0.000000E+00,0.000000E+00,0.000000E+00,1.598758E+01,1.000000E+02,2.199847E+01,4.812872E+01,5.851862E+02,3.891868E+02,1.662819E-02,4.245340E-02,0.000000E+00,0.000000E+00,0.000000E+00,0.000000E+00,0.000000E+00,0.000000E+00,0.000000E+00,0.000000E+00,1.595949E+01,1.000000E+02,2.199508E+01,5.125548E+01
17:00:00,4.250444E+02,9.626817E+02,1.208770E-02,1.049721E-01,0.000000E+00,0.000000E+00,0.000000E+00,0.000000E+00,0.000000E+00,0.000000E+00,0.000000E+00,0.000000E+00,1.598758E+01,1.000000E+02,2.199847E+01,4.813319E+01,5.851862E+02,3.821461E+02,1.662819E-02,4.168541E-02,0.000000E+00,0.000000E+00,0.000000E+00,0.000000E+00,0.000000E+00,0.000000E+00,0.000000E+00,0.000000E+00,1.595949E+01,1.000000E+02,2.199508E+01,5.133734E+01
17:10:00,4.250444E+02,9.593894E+02,1.208770E-02,1.046131E-01,0.000000E+00,0.000000E+00,0.000000E+00,0.000000E+00,0.000000E+00,0.000000E+00,0.000000E+00,0.000000E+00,1.598758E+01,1.000000E+02,2.199847E+01,4.813830E+01,5.851862E+02,3.748387E+02,1.662819E-02,4.088832E-02,0.000000E+00,0.000000E+00,0.000000E+00,0.000000E+00,0.000000E+00,0.000000E+00,0.000000E+00,0.000000E+00,1.595949E+01,1.000000E+02,2.199507E+01,5.142478E+01
17:20:00,4.250444E+02,9.555372E+02,1.208770E-02,1.041931E-01,0.000000E+00,0.000000E+00,0.000000E+00,0.000000E+00,0.000000E+00,0.000000E+00,0.000000E+00,0.000000E+00,1.598758E+01,1.000000E+02,2.199847E+01,4.814434E+01,5.851862E+02,3.672531E+02,1.662819E-02,4.006088E-02,0.000000E+00,0.000000E+00,0.000000E+00,0.000000E+00,0.000000E+00,0.000000E+00,0.000000E+00,0.000000E+00,1.595949E+01,1.000000E+02,2.199507E+01,5.151922E+01
17:30:00,4.250444E+02,9.509938E+02,1.208770E-02,1.036977E-01,0.000000E+00,0.000000E+00,0.000000E+00,0.000000E+00,0.000000E+00,0.000000E+00,0.000000E+00,0.000000E+00,1.598758E+01,1.000000E+02,2.199847E+01,4.815161E+01,5.851862E+02,3.593729E+02,1.662819E-02,3.920132E-02,0.000000E+00,0.000000E+00,0.000000E+00,0.000000E+00,0.000000E+00,0.000000E+00,0.000000E+00,0.000000E+00,1.595949E+01,1.000000E+02,2.199506E+01,5.162189E+01
17:40:00,4.250444E+02,9.455957E+02,1.208770E-02,1.031091E-01,0.000000E+00,0.000000E+00,0.000000E+00,0.000000E+00,0.000000E+00,0.000000E+00,0.000000E+00,0.000000E+00,1.598758E+01,1.000000E+02,2.199847E+01,4.816040E+01,5.851862E+02,3.511694E+02,1.662819E-02,3.830648E-02,0.000000E+00,0.000000E+00,0.000000E+00,0.000000E+00,0.000000E+00,0.000000E+00,0.000000E+00,0.000000E+00,1.595949E+01,1.000000E+02,2.199506E+01,5.173393E+01
17:50:00,4.250444E+02,9.391600E+02,1.208770E-02,1.024073E-01,0.000000E+00,0.000000E+00,0.000000E+00,0.000000E+00,0.000000E+00,0.000000E+00,0.000000E+00,0.000000E+00,1.598758E+01,1.000000E+02,2.199848E+01,4.817099E+01,5.851862E+02,3.426117E+02,1.662819E-02,3.737301E-02,0.000000E+00,0.000000E+00,0.000000E+00,0.000000E+00,0.000000E+00,0.000000E+00,0.000000E+00,0.000000E+00,1.595949E+01,1.000000E+02,2.199506E+01,5.185679E+01
18:00:00,4.250444E+02,9.314800E+02,1.208770E-02,1.015699E-01,0.000000E+00,0.000000E+00,0.000000E+00,0.000000E+00,0.000000E+00,0.000000E+00,0.000000E+00,0.000000E+00,1.598758E+01,1.000000E+02,2.199848E+01,4.818372E+01,5.851862E+02,3.336630E+02,1.662819E-02,3.639687E-02,0.000000E+00,0.000000E+00,0.000000E+00,0.000000E+00,0.000000E+00,0.000000E+00,0.000000E+00,0.000000E+00,1.595949E+01,1.000000E+02,2.199505E+01,5.199190E+01
18:10:00,4.250444E+02,9.222921E+02,1.208770E-02,1.005680E-01,0.000000E+00,0.000000E+00,0.000000E+00,0.000000E+00,0.000000E+00,0.000000E+00,0.000000E+00,0.000000E+00,1.598758E+01,1.000000E+02,2.199848E+01,4.819902E+01,5.851862E+02,3.242610E+02,1.662819E-02,3.537129E-02,0.000000E+00,0.000000E+00,0.000000E+00,0.000000E+00,0.000000E+00,0.000000E+00,0.000000E+00,0.000000E+00,1.595949E+01,1.000000E+02,2.199505E+01,5.214089E+01
18:20:00,4.250444E+02,9.112420E+02,1.208770E-02,9.936307E-02,0.000000E+00,0.000000E+00,0.000000E+00,0.000000E+00,0.000000E+00,0.000000E+00,0.000000E+00,0.000000E+00,1.598758E+01,1.000000E+02,2.199848E+01,4.821776E+01,5.851862E+02,3.143411E+02,1.662819E-02,3.428922E-02,0.000000E+00,0.000000E+00,0.000000E+00,0.000000E+00,0.000000E+00,0.000000E+00,0.000000E+00,0.000000E+00,1.595949E+01,1.000000E+02,2.199505E+01,5.230855E+01
18:30:00,4.250444E+02,8.979777E+02,1.208770E-02,9.791669E-02,0.000000E+00,0.000000E+00,0.000000E+00,0.000000E+00,0.000000E+00,0.000000E+00,0.000000E+00,0.000000E+00,1.598758E+01,1.000000E+02,2.199848E+01,4.824111E+01,5.851862E+02,3.038587E+02,1.662819E-02,3.314576E-02,0.000000E+00,0.000000E+00,0.000000E+00,0.000000E+00,0.000000E+00,0.000000E+00,0.000000E+00,0.000000E+00,1.595949E+01,1.000000E+02,2.199506E+01,5.249944E+01
18:40:00,4.250444E+02,8.823374E+02,1.208770E-02,9.621123E-02,0.000000E+00,0.000000E+00,0.000000E+00,0.000000E+00,0.000000E+00,0.000000E+00,0.000000E+00,0.000000E+00,1.598758E+01,1.000000E+02,2.199848E+01,4.827012E+01,5.851862E+02,2.928531E+02,1.662819E-02,3.194524E-02,0.000000E+00,0.000000E+00,0.000000E+00,0.000000E+00,0.000000E+00,0.000000E+00,0.000000E+00,0.000000E+00,1.595949E+01,1.000000E+02,2.199506E+01,5.271657E+01
18:50:00,4.250444E+02,8.646651E+02,1.208770E-02,9.428421E-02,0.000000E+00,0.000000E+00,0.000000E+00,0.000000E+00,0.000000E+00,0.000000E+00,0.000000E+00,0.000000E+00,1.598758E+01,1.000000E+02,2.199849E+01,4.830491E+01,5.851862E+02,2.815218E+02,1.662819E-02,3.070919E-02,0.000000E+00,0.000000E+00,0.000000E+00,0.000000E+00,0.000000E+00,0.000000E+00,0.000000E+00,0.000000E+00,1.595949E+01,1.000000E+02,2.199506E+01,5.295820E+01
19:00:00,4.250444E+02,8.457164E+02,1.208770E-02,9.221801E-02,0.000000E+00,0.000000E+00,0.000000E+00,0.000000E+00,0.000000E+00,0.000000E+00,0.000000E+00,0.000000E+00,1.598758E+01,1.000000E+02,2.199848E+01,4.834323E+01,5.851862E+02,2.701716E+02,1.662819E-02,2.947108E-02,0.000000E+00,0.000000E+00,0.000000E+00,0.000000E+00,0.000000E+00,0.000000E+00,0.000000E+00,0.000000E+00,1.595949E+01,1.000000E+02,2.199505E+01,5.321262E+01
19:10:00,4.250444E+02,8.264556E+02,1.208770E-02,9.011779E-02,0.000000E+00,0.000000E+00,0.000000E+00,0.000000E+00,0.000000E+00,0.000000E+00,0.000000E+00,0.000000E+00,1.598758E+01,1.000000E+02,2.199847E+01,4.838133E+01,5.851862E+02,2.591942E+02,1.662819E-02,2.827365E-02,0.000000E+00,0.000000E+00,0.000000E+00,0.000000E+00,0.000000E+00,0.000000E+00,0.000000E+00,0.000000E+00,1.595949E+01,1.000000E+02,2.199501E+01,5.346309E+01
19:20:00,4.250444E+02,8.078779E+02,1.208770E-02,8.809208E-02,0.000000E+00,0.000000E+00,0.000000E+00,0.000000E+00,0.000000E+00,0.000000E+00,0.000000E+00,0.000000E+00,1.598758E+01,1.000000E+02,2.199846E+01,4.841591E+01,5.851862E+02,2.489343E+02,1.662819E-02,2.715451E-02,0.000000E+00,0.000000E+00,0.000000E+00,0.000000E+00,0.000000E+00,0.000000E+00,0.000000E+00,0.000000E+00,1.595949E+01,1.000000E+02,2.199497E+01,5.369471E+01
19:30:00,4.250444E+02,7.908933E+02,1.208770E-02,8.624011E-02,0.000000E+00,0.000000E+00,0.000000E+00,0.000000E+00,0.000000E+00,0.000000E+00,0.000000E+00,0.000000E+00,1.598758E+01,1.000000E+02,2.199844E+01,4.844571E+01,5.851862E+02,2.396756E+02,1.662819E-02,2.614461E-02,0.000000E+00,0.000000E+00,0.000000E+00,0.000000E+00,0.000000E+00,0.000000E+00,0.000000E+00,0.000000E+00,1.595949E+01,1.000000E+02,2.199492E+01,5.390275E+01
19:40:00,4.250444E+02,7.761562E+02,1.208770E-02,8.463325E-02,0.000000E+00,0.000000E+00,0.000000E+00,0.000000E+00,0.000000E+00,0.000000E+00,0.000000E+00,0.000000E+00,1.598758E+01,1.000000E+02,2.199843E+01,4.847104E+01,5.851862E+02,2.315849E+02,1.662819E-02,2.526213E-02,0.000000E+00,0.000000E+00,0.000000E+00,0.000000E+00,0.000000E+00,0.000000E+00,0.000000E+00,0.000000E+00,1.595949E+01,1.000000E+02,2.199487E+01,5.408926E+01
19:50:00,4.250444E+02,7.637734E+02,1.208770E-02,8.328311E-02,0.000000E+00,0.000000E+00,0.000000E+00,0.000000E+00,0.000000E+00,0.000000E+00,0.000000E+00,0.000000E+00,1.598758E+01,1.000000E+02,2.199842E+01,4.849280E+01,5.851862E+02,2.246380E+02,1.662819E-02,2.450444E-02,0.000000E+00,0.000000E+00,0.000000E+00,0.000000E+00,0.000000E+00,0.000000E+00,0.000000E+00,0.000000E+00,1.595949E+01,1.000000E+02,2.199483E+01,5.425821E+01
20:00:00,4.250444E+02,7.534290E+02,1.208770E-02,8.215526E-02,0.000000E+00,0.000000E+00,0.000000E+00,0.000000E+00,0.000000E+00,0.000000E+00,0.000000E+00,0.000000E+00,1.598758E+01,1.000000E+02,2.199841E+01,4.851189E+01,5.851862E+02,2.186800E+02,1.662819E-02,2.385464E-02,0.000000E+00,0.000000E+00,0.000000E+00,0.000000E+00,0.000000E+00,0.000000E+00,0.000000E+00,0.000000E+00,1.595949E+01,1.000000E+02,2.199480E+01,5.441322E+01
20:10:00,4.250444E+02,7.446784E+02,1.208770E-02,8.120119E-02,0.000000E+00,0.000000E+00,0.000000E+00,0.000000E+00,0.000000E+00,0.000000E+00,0.000000E+00,0.000000E+00,1.598758E+01,1.000000E+02,2.199840E+01,4.852900E+01,5.851862E+02,2.135114E+02,1.662819E-02,2.329092E-02,0.000000E+00,0.000000E+00,0.000000E+00,0.000000E+00,0.000000E+00,0.000000E+00,0.000000E+00,0.000000E+00,1.595949E+01,1.000000E+02,2.199478E+01,5.455729E+01
20:20:00,4.250444E+02,7.371410E+02,1.208770E-02,8.037940E-02,0.000000E+00,0.000000E+00,0.000000E+00,0.000000E+00,0.000000E+00,0.000000E+00,0.000000E+00,0.000000E+00,1.598758E+01,1.000000E+02,2.199839E+01,4.854446E+01,5.851862E+02,2.089672E+02,1.662819E-02,2.279531E-02,0.000000E+00,0.000000E+00,0.000000E+00,0.000000E+00,0.000000E+00,0.000000E+00,0.000000E+00,0.000000E+00,1.595949E+01,1.000000E+02,2.199476E+01,5.469122E+01
20:30:00,4.250444E+02,7.305265E+02,1.208770E-02,7.965823E-02,0.000000E+00,0.000000E+00,0.000000E+00,0.000000E+00,0.000000E+00,0.000000E+00,0.000000E+00,0.000000E+00,1.598758E+01,1.000000E+02,2.199839E+01,4.855853E+01,5.851862E+02,2.049180E+02,1.662819E-02,2.235367E-02,0.000000E+00,0.000000E+00,0.000000E+00,0.000000E+00,0.000000E+00,0.000000E+00,0.000000E+00,0.000000E+00,1.595949E+01,1.000000E+02,2.199474E+01,5.481616E+01
20:40:00,4.250444E+02,7.246217E+02,1.208770E-02,7.901442E-02,0.000000E+00,0.000000E+00,0.000000E+00,0.000000E+00,0.000000E+00,0.000000E+00,0.000000E+00,0.000000E+00,1.598758E+01,1.000000E+02,2.199838E+01,4.857147E+01,5.851862E+02,2.012643E+02,1.662819E-02,2.195517E-02,0.000000E+00,0.000000E+00,0.000000E+00,0.000000E+00,0.000000E+00,0.000000E+00,0.000000E+00,0.000000E+00,1.595949E+01,1.000000E+02,2.199472E+01,5.493365E+01
20:50:00,4.250444E+02,7.192721E+02,1.208770E-02,7.843115E-02,0.000000E+00,0.000000E+00,0.000000E+00,0.000000E+00,0.000000E+00,0.000000E+00,0.000000E+00,0.000000E+00,1.598758E+01,1.000000E+02,2.199838E+01,4.858352E+01,5.851862E+02,1.979309E+02,1.662819E-02,2.159160E-02,0.000000E+00,0.000000E+00,0.000000E+00,0.000000E+00,0.000000E+00,0.000000E+00,0.000000E+00,0.000000E+00,1.595949E+01,1.000000E+02,2.199470E+01,5.504537E+01
21:00:00,4.250444E+02,7.143733E+02,1.208770E-02,7.789703E-02,0.000000E+00,0.000000E+00,0.000000E+00,0.000000E+00,0.000000E+00,0.000000E+00,0.000000E+00,0.000000E+00,1.598758E+01,1.000000E+02,2.199837E+01,4.859490E+01,5.851862E+02,1.948661E+02,1.662819E-02,2.125731E-02,0.000000E+00,0.000000E+00,0.000000E+00,0.000000E+00,0.000000E+00,0.000000E+00,0.000000E+00,0.000000E+00,1.595949E+01,1.000000E+02,2.199469E+01,5.515280E+01
21:10:00,4.250444E+02,7.098256E+02,1.208770E-02,7.740118E-02,0.000000E+00,0.000000E+00,0.000000E+00,0.000000E+00,0.000000E+00,0.000000E+00,0.000000E+00,0.000000E+00,1.598758E+01,1.000000E+02,2.199837E+01,4.860575E+01,5.851862E+02,1.920117E+02,1.662819E-02,2.094597E-02,0.000000E+00,0.000000E+00,0.000000E+00,0.000000E+00,0.000000E+00,0.000000E+00,0.000000E+00,0.000000E+00,1.595949E+01,1.000000E+02,2.199468E+01,5.525664E+01
21:20:00,4.250444E+02,7.055453E+02,1.208770E-02,7.693448E-02,0.000000E+00,0.000000E+00,0.000000E+00,0.000000E+00,0.000000E+00,0.000000E+00,0.000000E+00,0.000000E+00,1.598758E+01,1.000000E+02,2.199837E+01,4.861621E+01,5.851862E+02,1.893215E+02,1.662819E-02,2.065254E-02,0.000000E+00,0.000000E+00,0.000000E+00,0.000000E+00,0.000000E+00,0.000000E+00,0.000000E+00,0.000000E+00,1.595949E+01,1.000000E+02,2.199467E+01,5.535794E+01
21:30:00,4.250444E+02,7.014659E+02,1.208770E-02,7.648969E-02,0.000000E+00,0.000000E+00,0.000000E+00,0.000000E+00,0.000000E+00,0.000000E+00,0.000000E+00,0.000000E+00,1.598758E+01,1.000000E+02,2.199836E+01,4.862641E+01,5.851862E+02,1.867581E+02,1.662819E-02,2.037292E-02,0.000000E+00,0.000000E+00,0.000000E+00,0.000000E+00,0.000000E+00,0.000000E+00,0.000000E+00,0.000000E+00,1.595949E+01,1.000000E+02,2.199467E+01,5.545800E+01
21:40:00,4.250444E+02,6.975371E+02,1.208770E-02,7.606131E-02,0.000000E+00,0.000000E+00,0.000000E+00,0.000000E+00,0.000000E+00,0.000000E+00,0.000000E+00,0.000000E+00,1.598758E+01,1.000000E+02,2.199836E+01,4.863647E+01,5.851862E+02,1.842918E+02,1.662819E-02,2.010390E-02,0.000000E+00,0.000000E+00,0.000000E+00,0.000000E+00,0.000000E+00,0.000000E+00,0.000000E+00,0.000000E+00,1.595949E+01,1.000000E+02,2.199466E+01,5.555780E+01
21:50:00,4.250444E+02,6.937214E+02,1.208770E-02,7.564527E-02,0.000000E+00,0.000000E+00,0.000000E+00,0.000000E+00,0.000000E+00,0.000000E+00,0.000000E+00,0.000000E+00,1.598758E+01,1.000000E+02,2.199836E+01,4.864644E+01,5.851862E+02,1.819001E+02,1.662819E-02,1.984302E-02,0.000000E+00,0.000000E+00,0.000000E+00,0.000000E+00,0.000000E+00,0.000000E+00,0.000000E+00,0.000000E+00,1.595949E+01,1.000000E+02,2.199466E+01,5.565793E+01
22:00:00,4.250444E+02,6.899836E+02,1.208770E-02,7.523772E-02,0.000000E+00,0.000000E+00,0.000000E+00,0.000000E+00,0.000000E+00,0.000000E+00,0.000000E+00,0.000000E+00,1.598758E+01,1.000000E+02,2.199835E+01,4.865638E+01,5.851862E+02,1.795605E+02,1.662819E-02,1.958782E-02,0.000000E+00,0.000000E+00,0.000000E+00,0.000000E+00,0.000000E+00,0.000000E+00,0.000000E+00,0.000000E+00,1.595949E+01,1.000000E+02,2.199465E+01,5.575874E+01
22:10:00,4.250444E+02,6.863211E+02,1.208770E-02,7.483837E-02,0.000000E+00,0.000000E+00,0.000000E+00,0.000000E+00,0.000000E+00,0.000000E+00,0.000000E+00,0.000000E+00,1.598758E+01,1.000000E+02,2.199835E+01,4.866631E+01,5.851862E+02,1.772746E+02,1.662819E-02,1.933847E-02,0.000000E+00,0.000000E+00,0.000000E+00,0.000000E+00,0.000000E+00,0.000000E+00,0.000000E+00,0.000000E+00,1.595949E+01,1.000000E+02,2.199465E+01,5.586052E+01
22:20:00,4.250444E+02,6.827419E+02,1.208770E-02,7.444811E-02,0.000000E+00,0.000000E+00,0.000000E+00,0.000000E+00,0.000000E+00,0.000000E+00,0.000000E+00,0.000000E+00,1.598758E+01,1.000000E+02,2.199835E+01,4.867609E+01,5.851862E+02,1.750451E+02,1.662819E-02,1.909526E-02,0.000000E+00,0.000000E+00,0.000000E+00,0.000000E+00,0.000000E+00,0.000000E+00,0.000000E+00,0.000000E+00,1.595949E+01,1.000000E+02,2.199464E+01,5.596150E+01
22:30:00,4.250444E+02,6.792568E+02,1.208770E-02,7.406810E-02,0.000000E+00,0.000000E+00,0.000000E+00,0.000000E+00,0.000000E+00,0.000000E+00,0.000000E+00,0.000000E+00,1.598758E+01,1.000000E+02,2.199835E+01,4.868561E+01,5.851862E+02,1.728765E+02,1.662819E-02,1.885872E-02,0.000000E+00,0.000000E+00,0.000000E+00,0.000000E+00,0.000000E+00,0.000000E+00,0.000000E+00,0.000000E+00,1.595949E+01,1.000000E+02,2.199463E+01,5.606065E+01
22:40:00,4.250444E+02,6.758750E+02,1.208770E-02,7.369936E-02,0.000000E+00,0.000000E+00,0.000000E+00,0.000000E+00,0.000000E+00,0.000000E+00,0.000000E+00,0.000000E+00,1.598758E+01,1.000000E+02,2.199834E+01,4.869482E+01,5.851862E+02,1.707735E+02,1.662819E-02,1.862931E-02,0.000000E+00,0.000000E+00,0.000000E+00,0.000000E+00,0.000000E+00,0.000000E+00,0.000000E+00,0.000000E+00,1.595949E+01,1.000000E+02,2.199463E+01,5.615782E+01
22:50:00,4.250444E+02,6.726037E+02,1.208770E-02,7.334267E-02,0.000000E+00,0.000000E+00,0.000000E+00,0.000000E+00,0.000000E+00,0.000000E+00,0.000000E+00,0.000000E+00,1.598758E+01,1.000000E+02,2.199834E+01,4.870376E+01,5.851862E+02,1.687394E+02,1.662819E-02,1.840743E-02,0.000000E+00,0.000000E+00,0.000000E+00,0.000000E+00,0.000000E+00,0.000000E+00,0.000000E+00,0.000000E+00,1.595949E+01,1.000000E+02,2.199462E+01,5.625337E+01
23:00:00,4.250444E+02,6.694480E+02,1.208770E-02,7.299859E-02,0.000000E+00,0.000000E+00,0.000000E+00,0.000000E+00,0.000000E+00,0.000000E+00,0.000000E+00,0.000000E+00,1.598758E+01,1.000000E+02,2.199834E+01,4.871248E+01,5.851862E+02,1.667772E+02,1.662819E-02,1.819339E-02,0.000000E+00,0.000000E+00,0.000000E+00,0.000000E+00,0.000000E+00,0.000000E+00,0.000000E+00,0.000000E+00,1.595949E+01,1.000000E+02,2.199462E+01,5.634783E+01
23:10:00,4.250444E+02,6.663937E+02,1.208770E-02,7.266556E-02,0.000000E+00,0.000000E+00,0.000000E+00,0.000000E+00,0.000000E+00,0.000000E+00,0.000000E+00,0.000000E+00,1.598758E+01,1.000000E+02,2.199834E+01,4.872105E+01,5.851862E+02,1.648742E+02,1.662819E-02,1.798581E-02,0.000000E+00,0.000000E+00,0.000000E+00,0.000000E+00,0.000000E+00,0.000000E+00,0.000000E+00,0.000000E+00,1.595949E+01,1.000000E+02,2.199461E+01,5.644172E+01
23:20:00,4.250444E+02,6.634225E+02,1.208770E-02,7.234159E-02,0.000000E+00,0.000000E+00,0.000000E+00,0.000000E+00,0.000000E+00,0.000000E+00,0.000000E+00,0.000000E+00,1.598758E+01,1.000000E+02,2.199833E+01,4.872952E+01,5.851862E+02,1.630210E+02,1.662819E-02,1.778365E-02,0.000000E+00,0.000000E+00,0.000000E+00,0.000000E+00,0.000000E+00,0.000000E+00,0.000000E+00,0.000000E+00,1.595949E+01,1.000000E+02,2.199461E+01,5.653548E+01
23:30:00,4.250444E+02,6.605158E+02,1.208770E-02,7.202466E-02,0.000000E+00,0.000000E+00,0.000000E+00,0.000000E+00,0.000000E+00,0.000000E+00,0.000000E+00,0.000000E+00,1.598758E+01,1.000000E+02,2.199833E+01,4.873792E+01,5.851862E+02,1.612076E+02,1.662819E-02,1.758584E-02,0.000000E+00,0.000000E+00,0.000000E+00,0.000000E+00,0.000000E+00,0.000000E+00,0.000000E+00,0.000000E+00,1.595949E+01,1.000000E+02,2.199461E+01,5.662945E+01
23:40:00,4.250444E+02,6.576584E+02,1.208770E-02,7.171310E-02,0.000000E+00,0.000000E+00,0.000000E+00,0.000000E+00,0.000000E+00,0.000000E+00,0.000000E+00,0.000000E+00,1.598758E+01,1.000000E+02,2.199833E+01,4.874628E+01,5.851862E+02,1.594255E+02,1.662819E-02,1.739144E-02,0.000000E+00,0.000000E+00,0.000000E+00,0.000000E+00,0.000000E+00,0.000000E+00,0.000000E+00,0.000000E+00,1.595949E+01,1.000000E+02,2.199460E+01,5.672395E+01
23:50:00,4.250444E+02,6.548387E+02,1.208770E-02,7.140565E-02,0.000000E+00,0.000000E+00,0.000000E+00,0.000000E+00,0.000000E+00,0.000000E+00,0.000000E+00,0.000000E+00,1.598758E+01,1.000000E+02,2.199833E+01,4.875463E+01,5.851862E+02,1.576681E+02,1.662819E-02,1.719974E-02,0.000000E+00,0.000000E+00,0.000000E+00,0.000000E+00,0.000000E+00,0.000000E+00,0.000000E+00,0.000000E+00,1.595949E+01,1.000000E+02,2.199460E+01,5.681923E+01
24:00:00,4.250444E+02,6.520481E+02,1.208770E-02,7.110137E-02,0.000000E+00,0.000000E+00,0.000000E+00,0.000000E+00,0.000000E+00,0.000000E+00,0.000000E+00,0.000000E+00,1.598758E+01,1.000000E+02,2.199832E+01,4.876298E+01,5.851862E+02,1.559300E+02,1.662819E-02,1.701014E-02,0.000000E+00,0.000000E+00,0.000000E+00,0.000000E+00,0.000000E+00,0.000000E+00,0.000000E+00,0.000000E+00,1.595949E+01,1.000000E+02,2.199460E+01,5.691548E+01
Peak,4.250444E+02,9.882805E+02,1.208770E-02,1.077635E-01,0.000000E+00,0.000000E+00,0.000000E+00,0.000000E+00,0.000000E+00,0.000000E+00,0.000000E+00,0.000000E+00,,,,,5.851862E+02,4.532069E+02,1.662819E-02,4.943706E-02,0.000000E+00,0.000000E+00,0.000000E+00,0.000000E+00,0.000000E+00,0.000000E+00,0.000000E+00,0.000000E+00,,,,

Peak Vol Flow (m3/s),,,1.004359E-02,8.953998E-02,,,0.000000E+00,0.000000E+00,,,,,,,,,,,1.381625E-02,4.107694E-02,,,0.000000E+00,0.000000E+00,,,,,,,,
